Metric,Score
ROUGE-1,0.46890794405824754
ROUGE-2,0.1415008553765154
ROUGE-L,0.2026175392245798
ROUGE-Lsum,0.36391292506025374
BERTScore F1,0.8267154693603516
